File name,Sha256 hexdigest,File size,Word count,Number of unique words,Todays date
downloaded_file_0.txt,89abab31bc4c08205ea4190cac98deb0b9844da121acff9de93ea41adade8a75,371240,32025,29449,2024-02-15
downloaded_file_1.txt,b81c412ac9325e659bc917396aca3e4439c4cc4c1d695eca13e29fef4e14be32,365596,31702,29043,2024-02-15
downloaded_file_2.txt,0d3dfaf6acad01f789b7135a3c9ffde4317b9699b8e4e5b7c0c950e90f66bc32,896934,77584,70091,2024-02-15
downloaded_file_3.txt,024cb8086e8a60430e32441e51a2c233d423e587c0e40638a5f71f4d574ade01,556913,48254,43919,2024-02-15
downloaded_file_4.txt,6bbdf35d89938832aff331d037167dde820edcffae28d22e0f32207906edcb6a,1067263,92108,83175,2024-02-15
downloaded_file_5.txt,d9e91ca2a69c0730eeb88b73fbc55cb27efa8003eae7fbeb15ae233374c0dc67,722895,62610,56678,2024-02-15
downloaded_file_6.txt,df66f4b475c0176a7b5465f1a538adb835bdb9e87163c1b1df3e9a3c5cb62659,238081,20546,19052,2024-02-15
downloaded_file_7.txt,8f5fe52e82c5595d4d606567bc7f0cdd209ac590b014cf220a76a3c9609c4738,140381,12208,11376,2024-02-15
downloaded_file_8.txt,3a5144b00d509bc0f1bde0dea3d0a12412dbbaba141a975ba5ed03436c3109fd,865745,74949,67638,2024-02-15
downloaded_file_9.txt,279d88870a9c0c5163028250f62e9b561a9ec07e28e1f5964f656fcad7ee1970,803572,69631,63018,2024-02-15
downloaded_file_10.txt,3bdc37911ab4707b6bebe0b1932b00099afc810a21e08859507579602281bc9a,165317,14258,13319,2024-02-15
downloaded_file_11.txt,d0038f1688bef50aeb01996efbb8c4337315d192472579638f6b09e929bfeea1,811260,70133,63470,2024-02-15
downloaded_file_12.txt,408d38a9efe53ae52480e31f8b8867cf2822e4ee1b91b6b276b036545bf89d65,677470,58706,53362,2024-02-15
downloaded_file_13.txt,3fc3d82f8bf6c0a00563f4fe9d246165cf06bc01b04be8ddf0961b3d56e84027,432096,37436,34281,2024-02-15
downloaded_file_14.txt,acdffc7d7f44632359d5a5f6b464ee5fbb640016786235201123ead28ff4ba4e,471321,40726,37271,2024-02-15
downloaded_file_15.txt,e91b870220dd6d9baa48071a885ffa451784e4c4d193b94d0c1b3df4795373ad,584626,50425,45894,2024-02-15
downloaded_file_16.txt,c3ff5e424e328b45f22ed062cd577751f55362d2e354bd19a55636fceaed3de1,878673,75742,68617,2024-02-15
downloaded_file_17.txt,c739b474738fba95654dcb638eb810860d14fb7dc7c9a7642f7f402517805179,898557,77890,70469,2024-02-15
downloaded_file_18.txt,46ceb13da40a7885924b635938f921c656ff865a759b4af4a40d7d6c7360766d,1046627,90313,81574,2024-02-15
downloaded_file_19.txt,7ec7b87b5fd618f6dd6f1539be208e2013487c52baf60580399c767289055bf7,432770,37546,34366,2024-02-15
